--
-- PostgreSQL database dump
--

-- Dumped from database version 9.6.15
-- Dumped by pg_dump version 9.6.15

SET statement_timeout = 0;
SET lock_timeout = 0;
SET idle_in_transaction_session_timeout = 0;
SET client_encoding = 'UTF8';
SET standard_conforming_strings = on;
SELECT pg_catalog.set_config('search_path', '', false);
SET check_function_bodies = false;
SET xmloption = content;
SET client_min_messages = warning;
SET row_security = off;

--
-- Name: plpgsql; Type: EXTENSION; Schema: -; Owner: 
--

CREATE EXTENSION IF NOT EXISTS plpgsql WITH SCHEMA pg_catalog;


--
-- Name: EXTENSION plpgsql; Type: COMMENT; Schema: -; Owner: 
--

COMMENT ON EXTENSION plpgsql IS 'PL/pgSQL procedural language';


SET default_tablespace = '';

SET default_with_oids = false;

--
-- Name: auth_group; Type: TABLE; Schema: public; Owner: blog
--

CREATE TABLE public.auth_group (
    id integer NOT NULL,
    name character varying(80) NOT NULL
);


ALTER TABLE public.auth_group OWNER TO blog;

--
-- Name: auth_group_id_seq; Type: SEQUENCE; Schema: public; Owner: blog
--

CREATE SEQUENCE public.auth_group_id_seq
    START WITH 1
    INCREMENT BY 1
    NO MINVALUE
    NO MAXVALUE
    CACHE 1;


ALTER TABLE public.auth_group_id_seq OWNER TO blog;

--
-- Name: auth_group_id_seq; Type: SEQUENCE OWNED BY; Schema: public; Owner: blog
--

ALTER SEQUENCE public.auth_group_id_seq OWNED BY public.auth_group.id;


--
-- Name: auth_group_permissions; Type: TABLE; Schema: public; Owner: blog
--

CREATE TABLE public.auth_group_permissions (
    id integer NOT NULL,
    group_id integer NOT NULL,
    permission_id integer NOT NULL
);


ALTER TABLE public.auth_group_permissions OWNER TO blog;

--
-- Name: auth_group_permissions_id_seq; Type: SEQUENCE; Schema: public; Owner: blog
--

CREATE SEQUENCE public.auth_group_permissions_id_seq
    START WITH 1
    INCREMENT BY 1
    NO MINVALUE
    NO MAXVALUE
    CACHE 1;


ALTER TABLE public.auth_group_permissions_id_seq OWNER TO blog;

--
-- Name: auth_group_permissions_id_seq; Type: SEQUENCE OWNED BY; Schema: public; Owner: blog
--

ALTER SEQUENCE public.auth_group_permissions_id_seq OWNED BY public.auth_group_permissions.id;


--
-- Name: auth_permission; Type: TABLE; Schema: public; Owner: blog
--

CREATE TABLE public.auth_permission (
    id integer NOT NULL,
    name character varying(255) NOT NULL,
    content_type_id integer NOT NULL,
    codename character varying(100) NOT NULL
);


ALTER TABLE public.auth_permission OWNER TO blog;

--
-- Name: auth_permission_id_seq; Type: SEQUENCE; Schema: public; Owner: blog
--

CREATE SEQUENCE public.auth_permission_id_seq
    START WITH 1
    INCREMENT BY 1
    NO MINVALUE
    NO MAXVALUE
    CACHE 1;


ALTER TABLE public.auth_permission_id_seq OWNER TO blog;

--
-- Name: auth_permission_id_seq; Type: SEQUENCE OWNED BY; Schema: public; Owner: blog
--

ALTER SEQUENCE public.auth_permission_id_seq OWNED BY public.auth_permission.id;


--
-- Name: blog_comments; Type: TABLE; Schema: public; Owner: blog
--

CREATE TABLE public.blog_comments (
    id integer NOT NULL,
    created_date timestamp with time zone NOT NULL,
    text text NOT NULL,
    author_id integer NOT NULL,
    post_id integer NOT NULL
);


ALTER TABLE public.blog_comments OWNER TO blog;

--
-- Name: blog_comments_id_seq; Type: SEQUENCE; Schema: public; Owner: blog
--

CREATE SEQUENCE public.blog_comments_id_seq
    START WITH 1
    INCREMENT BY 1
    NO MINVALUE
    NO MAXVALUE
    CACHE 1;


ALTER TABLE public.blog_comments_id_seq OWNER TO blog;

--
-- Name: blog_comments_id_seq; Type: SEQUENCE OWNED BY; Schema: public; Owner: blog
--

ALTER SEQUENCE public.blog_comments_id_seq OWNED BY public.blog_comments.id;


--
-- Name: blog_post; Type: TABLE; Schema: public; Owner: blog
--

CREATE TABLE public.blog_post (
    id integer NOT NULL,
    title character varying(200) NOT NULL,
    text text NOT NULL,
    created_date timestamp with time zone NOT NULL,
    published_date timestamp with time zone,
    post_likes integer NOT NULL,
    author_id integer NOT NULL
);


ALTER TABLE public.blog_post OWNER TO blog;

--
-- Name: blog_post_id_seq; Type: SEQUENCE; Schema: public; Owner: blog
--

CREATE SEQUENCE public.blog_post_id_seq
    START WITH 1
    INCREMENT BY 1
    NO MINVALUE
    NO MAXVALUE
    CACHE 1;


ALTER TABLE public.blog_post_id_seq OWNER TO blog;

--
-- Name: blog_post_id_seq; Type: SEQUENCE OWNED BY; Schema: public; Owner: blog
--

ALTER SEQUENCE public.blog_post_id_seq OWNED BY public.blog_post.id;


--
-- Name: django_admin_log; Type: TABLE; Schema: public; Owner: blog
--

CREATE TABLE public.django_admin_log (
    id integer NOT NULL,
    action_time timestamp with time zone NOT NULL,
    object_id text,
    object_repr character varying(200) NOT NULL,
    action_flag smallint NOT NULL,
    change_message text NOT NULL,
    content_type_id integer,
    user_id integer NOT NULL,
    CONSTRAINT django_admin_log_action_flag_check CHECK ((action_flag >= 0))
);


ALTER TABLE public.django_admin_log OWNER TO blog;

--
-- Name: django_admin_log_id_seq; Type: SEQUENCE; Schema: public; Owner: blog
--

CREATE SEQUENCE public.django_admin_log_id_seq
    START WITH 1
    INCREMENT BY 1
    NO MINVALUE
    NO MAXVALUE
    CACHE 1;


ALTER TABLE public.django_admin_log_id_seq OWNER TO blog;

--
-- Name: django_admin_log_id_seq; Type: SEQUENCE OWNED BY; Schema: public; Owner: blog
--

ALTER SEQUENCE public.django_admin_log_id_seq OWNED BY public.django_admin_log.id;


--
-- Name: django_content_type; Type: TABLE; Schema: public; Owner: blog
--

CREATE TABLE public.django_content_type (
    id integer NOT NULL,
    app_label character varying(100) NOT NULL,
    model character varying(100) NOT NULL
);


ALTER TABLE public.django_content_type OWNER TO blog;

--
-- Name: django_content_type_id_seq; Type: SEQUENCE; Schema: public; Owner: blog
--

CREATE SEQUENCE public.django_content_type_id_seq
    START WITH 1
    INCREMENT BY 1
    NO MINVALUE
    NO MAXVALUE
    CACHE 1;


ALTER TABLE public.django_content_type_id_seq OWNER TO blog;

--
-- Name: django_content_type_id_seq; Type: SEQUENCE OWNED BY; Schema: public; Owner: blog
--

ALTER SEQUENCE public.django_content_type_id_seq OWNED BY public.django_content_type.id;


--
-- Name: django_migrations; Type: TABLE; Schema: public; Owner: blog
--

CREATE TABLE public.django_migrations (
    id integer NOT NULL,
    app character varying(255) NOT NULL,
    name character varying(255) NOT NULL,
    applied timestamp with time zone NOT NULL
);


ALTER TABLE public.django_migrations OWNER TO blog;

--
-- Name: django_migrations_id_seq; Type: SEQUENCE; Schema: public; Owner: blog
--

CREATE SEQUENCE public.django_migrations_id_seq
    START WITH 1
    INCREMENT BY 1
    NO MINVALUE
    NO MAXVALUE
    CACHE 1;


ALTER TABLE public.django_migrations_id_seq OWNER TO blog;

--
-- Name: django_migrations_id_seq; Type: SEQUENCE OWNED BY; Schema: public; Owner: blog
--

ALTER SEQUENCE public.django_migrations_id_seq OWNED BY public.django_migrations.id;


--
-- Name: django_session; Type: TABLE; Schema: public; Owner: blog
--

CREATE TABLE public.django_session (
    session_key character varying(40) NOT NULL,
    session_data text NOT NULL,
    expire_date timestamp with time zone NOT NULL
);


ALTER TABLE public.django_session OWNER TO blog;

--
-- Name: user_user; Type: TABLE; Schema: public; Owner: blog
--

CREATE TABLE public.user_user (
    id integer NOT NULL,
    password character varying(128) NOT NULL,
    last_login timestamp with time zone,
    is_superuser boolean NOT NULL,
    username character varying(150) NOT NULL,
    first_name character varying(30) NOT NULL,
    last_name character varying(30) NOT NULL,
    email character varying(254) NOT NULL,
    is_staff boolean NOT NULL,
    is_active boolean NOT NULL,
    date_joined timestamp with time zone NOT NULL,
    about_me text,
    educations text
);


ALTER TABLE public.user_user OWNER TO blog;

--
-- Name: user_user_groups; Type: TABLE; Schema: public; Owner: blog
--

CREATE TABLE public.user_user_groups (
    id integer NOT NULL,
    user_id integer NOT NULL,
    group_id integer NOT NULL
);


ALTER TABLE public.user_user_groups OWNER TO blog;

--
-- Name: user_user_groups_id_seq; Type: SEQUENCE; Schema: public; Owner: blog
--

CREATE SEQUENCE public.user_user_groups_id_seq
    START WITH 1
    INCREMENT BY 1
    NO MINVALUE
    NO MAXVALUE
    CACHE 1;


ALTER TABLE public.user_user_groups_id_seq OWNER TO blog;

--
-- Name: user_user_groups_id_seq; Type: SEQUENCE OWNED BY; Schema: public; Owner: blog
--

ALTER SEQUENCE public.user_user_groups_id_seq OWNED BY public.user_user_groups.id;


--
-- Name: user_user_id_seq; Type: SEQUENCE; Schema: public; Owner: blog
--

CREATE SEQUENCE public.user_user_id_seq
    START WITH 1
    INCREMENT BY 1
    NO MINVALUE
    NO MAXVALUE
    CACHE 1;


ALTER TABLE public.user_user_id_seq OWNER TO blog;

--
-- Name: user_user_id_seq; Type: SEQUENCE OWNED BY; Schema: public; Owner: blog
--

ALTER SEQUENCE public.user_user_id_seq OWNED BY public.user_user.id;


--
-- Name: user_user_user_permissions; Type: TABLE; Schema: public; Owner: blog
--

CREATE TABLE public.user_user_user_permissions (
    id integer NOT NULL,
    user_id integer NOT NULL,
    permission_id integer NOT NULL
);


ALTER TABLE public.user_user_user_permissions OWNER TO blog;

--
-- Name: user_user_user_permissions_id_seq; Type: SEQUENCE; Schema: public; Owner: blog
--

CREATE SEQUENCE public.user_user_user_permissions_id_seq
    START WITH 1
    INCREMENT BY 1
    NO MINVALUE
    NO MAXVALUE
    CACHE 1;


ALTER TABLE public.user_user_user_permissions_id_seq OWNER TO blog;

--
-- Name: user_user_user_permissions_id_seq; Type: SEQUENCE OWNED BY; Schema: public; Owner: blog
--

ALTER SEQUENCE public.user_user_user_permissions_id_seq OWNED BY public.user_user_user_permissions.id;


--
-- Name: auth_group id; Type: DEFAULT; Schema: public; Owner: blog
--

ALTER TABLE ONLY public.auth_group ALTER COLUMN id SET DEFAULT nextval('public.auth_group_id_seq'::regclass);


--
-- Name: auth_group_permissions id; Type: DEFAULT; Schema: public; Owner: blog
--

ALTER TABLE ONLY public.auth_group_permissions ALTER COLUMN id SET DEFAULT nextval('public.auth_group_permissions_id_seq'::regclass);


--
-- Name: auth_permission id; Type: DEFAULT; Schema: public; Owner: blog
--

ALTER TABLE ONLY public.auth_permission ALTER COLUMN id SET DEFAULT nextval('public.auth_permission_id_seq'::regclass);


--
-- Name: blog_comments id; Type: DEFAULT; Schema: public; Owner: blog
--

ALTER TABLE ONLY public.blog_comments ALTER COLUMN id SET DEFAULT nextval('public.blog_comments_id_seq'::regclass);


--
-- Name: blog_post id; Type: DEFAULT; Schema: public; Owner: blog
--

ALTER TABLE ONLY public.blog_post ALTER COLUMN id SET DEFAULT nextval('public.blog_post_id_seq'::regclass);


--
-- Name: django_admin_log id; Type: DEFAULT; Schema: public; Owner: blog
--

ALTER TABLE ONLY public.django_admin_log ALTER COLUMN id SET DEFAULT nextval('public.django_admin_log_id_seq'::regclass);


--
-- Name: django_content_type id; Type: DEFAULT; Schema: public; Owner: blog
--

ALTER TABLE ONLY public.django_content_type ALTER COLUMN id SET DEFAULT nextval('public.django_content_type_id_seq'::regclass);


--
-- Name: django_migrations id; Type: DEFAULT; Schema: public; Owner: blog
--

ALTER TABLE ONLY public.django_migrations ALTER COLUMN id SET DEFAULT nextval('public.django_migrations_id_seq'::regclass);


--
-- Name: user_user id; Type: DEFAULT; Schema: public; Owner: blog
--

ALTER TABLE ONLY public.user_user ALTER COLUMN id SET DEFAULT nextval('public.user_user_id_seq'::regclass);


--
-- Name: user_user_groups id; Type: DEFAULT; Schema: public; Owner: blog
--

ALTER TABLE ONLY public.user_user_groups ALTER COLUMN id SET DEFAULT nextval('public.user_user_groups_id_seq'::regclass);


--
-- Name: user_user_user_permissions id; Type: DEFAULT; Schema: public; Owner: blog
--

ALTER TABLE ONLY public.user_user_user_permissions ALTER COLUMN id SET DEFAULT nextval('public.user_user_user_permissions_id_seq'::regclass);


--
-- Data for Name: auth_group; Type: TABLE DATA; Schema: public; Owner: blog
--

COPY public.auth_group (id, name) FROM stdin;
\.


--
-- Name: auth_group_id_seq; Type: SEQUENCE SET; Schema: public; Owner: blog
--

SELECT pg_catalog.setval('public.auth_group_id_seq', 1, false);


--
-- Data for Name: auth_group_permissions; Type: TABLE DATA; Schema: public; Owner: blog
--

COPY public.auth_group_permissions (id, group_id, permission_id) FROM stdin;
\.


--
-- Name: auth_group_permissions_id_seq; Type: SEQUENCE SET; Schema: public; Owner: blog
--

SELECT pg_catalog.setval('public.auth_group_permissions_id_seq', 1, false);


--
-- Data for Name: auth_permission; Type: TABLE DATA; Schema: public; Owner: blog
--

COPY public.auth_permission (id, name, content_type_id, codename) FROM stdin;
1	Can add log entry	1	add_logentry
2	Can change log entry	1	change_logentry
3	Can delete log entry	1	delete_logentry
4	Can add permission	2	add_permission
5	Can change permission	2	change_permission
6	Can delete permission	2	delete_permission
7	Can add group	3	add_group
8	Can change group	3	change_group
9	Can delete group	3	delete_group
10	Can add content type	4	add_contenttype
11	Can change content type	4	change_contenttype
12	Can delete content type	4	delete_contenttype
13	Can add session	5	add_session
14	Can change session	5	change_session
15	Can delete session	5	delete_session
16	Can add comments	6	add_comments
17	Can change comments	6	change_comments
18	Can delete comments	6	delete_comments
19	Can add post	7	add_post
20	Can change post	7	change_post
21	Can delete post	7	delete_post
22	Can add user	8	add_user
23	Can change user	8	change_user
24	Can delete user	8	delete_user
\.


--
-- Name: auth_permission_id_seq; Type: SEQUENCE SET; Schema: public; Owner: blog
--

SELECT pg_catalog.setval('public.auth_permission_id_seq', 24, true);


--
-- Data for Name: blog_comments; Type: TABLE DATA; Schema: public; Owner: blog
--

COPY public.blog_comments (id, created_date, text, author_id, post_id) FROM stdin;
\.


--
-- Name: blog_comments_id_seq; Type: SEQUENCE SET; Schema: public; Owner: blog
--

SELECT pg_catalog.setval('public.blog_comments_id_seq', 1, false);


--
-- Data for Name: blog_post; Type: TABLE DATA; Schema: public; Owner: blog
--

COPY public.blog_post (id, title, text, created_date, published_date, post_likes, author_id) FROM stdin;
\.


--
-- Name: blog_post_id_seq; Type: SEQUENCE SET; Schema: public; Owner: blog
--

SELECT pg_catalog.setval('public.blog_post_id_seq', 1, false);


--
-- Data for Name: django_admin_log; Type: TABLE DATA; Schema: public; Owner: blog
--

COPY public.django_admin_log (id, action_time, object_id, object_repr, action_flag, change_message, content_type_id, user_id) FROM stdin;
1	2020-02-25 13:22:13.428727+00	1	Fatima Gulomova	2	[{"changed": {"fields": ["first_name", "last_name"]}}]	8	1
\.


--
-- Name: django_admin_log_id_seq; Type: SEQUENCE SET; Schema: public; Owner: blog
--

SELECT pg_catalog.setval('public.django_admin_log_id_seq', 1, true);


--
-- Data for Name: django_content_type; Type: TABLE DATA; Schema: public; Owner: blog
--

COPY public.django_content_type (id, app_label, model) FROM stdin;
1	admin	logentry
2	auth	permission
3	auth	group
4	contenttypes	contenttype
5	sessions	session
6	blog	comments
7	blog	post
8	user	user
\.


--
-- Name: django_content_type_id_seq; Type: SEQUENCE SET; Schema: public; Owner: blog
--

SELECT pg_catalog.setval('public.django_content_type_id_seq', 8, true);


--
-- Data for Name: django_migrations; Type: TABLE DATA; Schema: public; Owner: blog
--

COPY public.django_migrations (id, app, name, applied) FROM stdin;
1	contenttypes	0001_initial	2020-02-25 12:46:48.013766+00
2	contenttypes	0002_remove_content_type_name	2020-02-25 12:46:48.030991+00
3	auth	0001_initial	2020-02-25 12:46:48.151759+00
4	auth	0002_alter_permission_name_max_length	2020-02-25 12:46:48.183567+00
5	auth	0003_alter_user_email_max_length	2020-02-25 12:46:48.203407+00
6	auth	0004_alter_user_username_opts	2020-02-25 12:46:48.216751+00
7	auth	0005_alter_user_last_login_null	2020-02-25 12:46:48.228167+00
8	auth	0006_require_contenttypes_0002	2020-02-25 12:46:48.230778+00
9	auth	0007_alter_validators_add_error_messages	2020-02-25 12:46:48.253472+00
10	auth	0008_alter_user_username_max_length	2020-02-25 12:46:48.268412+00
11	user	0001_initial	2020-02-25 12:46:48.405139+00
12	admin	0001_initial	2020-02-25 12:46:48.497346+00
13	admin	0002_logentry_remove_auto_add	2020-02-25 12:46:48.553962+00
14	blog	0001_initial	2020-02-25 12:46:48.633442+00
15	blog	0002_auto_20200218_1342	2020-02-25 12:46:48.716805+00
16	sessions	0001_initial	2020-02-25 12:46:48.766285+00
17	user	0002_auto_20200218_1355	2020-02-25 12:46:48.832653+00
18	user	0003_user_educations	2020-02-25 12:46:48.847605+00
19	user	0004_remove_user_birth_data	2020-02-25 12:46:48.871873+00
\.


--
-- Name: django_migrations_id_seq; Type: SEQUENCE SET; Schema: public; Owner: blog
--

SELECT pg_catalog.setval('public.django_migrations_id_seq', 19, true);


--
-- Data for Name: django_session; Type: TABLE DATA; Schema: public; Owner: blog
--

COPY public.django_session (session_key, session_data, expire_date) FROM stdin;
zupwgeu6z0dlhi38s3zwoomtxvs4omkw	M2I0NTBkNTUwYmViNTBhYzJiNGUyYTZlN2FjYWIwNDJlMzA3OTEwOTp7Il9hdXRoX3VzZXJfaWQiOiIxIiwiX2F1dGhfdXNlcl9iYWNrZW5kIjoiZGphbmdvLmNvbnRyaWIuYXV0aC5iYWNrZW5kcy5Nb2RlbEJhY2tlbmQiLCJfYXV0aF91c2VyX2hhc2giOiIzMThiYTEyZmZkOWU5YTI2Njg2YmUzNzYxNjEyMDYwMzBkOGYzZjA5In0=	2020-03-10 13:21:47.634028+00
\.


--
-- Data for Name: user_user; Type: TABLE DATA; Schema: public; Owner: blog
--

COPY public.user_user (id, password, last_login, is_superuser, username, first_name, last_name, email, is_staff, is_active, date_joined, about_me, educations) FROM stdin;
1	pbkdf2_sha256$36000$NlyK1RorOwF4$yTH1wuPMvwvhDpSpZv6vRQGm0jTW3mmB6oZn15E8buQ=	2020-02-25 13:21:47+00	t	fatima	Fatima	Gulomova	fatimagulomova@gmail.com	t	t	2020-02-25 13:17:43+00		
\.


--
-- Data for Name: user_user_groups; Type: TABLE DATA; Schema: public; Owner: blog
--

COPY public.user_user_groups (id, user_id, group_id) FROM stdin;
\.


--
-- Name: user_user_groups_id_seq; Type: SEQUENCE SET; Schema: public; Owner: blog
--

SELECT pg_catalog.setval('public.user_user_groups_id_seq', 1, false);


--
-- Name: user_user_id_seq; Type: SEQUENCE SET; Schema: public; Owner: blog
--

SELECT pg_catalog.setval('public.user_user_id_seq', 1, true);


--
-- Data for Name: user_user_user_permissions; Type: TABLE DATA; Schema: public; Owner: blog
--

COPY public.user_user_user_permissions (id, user_id, permission_id) FROM stdin;
\.


--
-- Name: user_user_user_permissions_id_seq; Type: SEQUENCE SET; Schema: public; Owner: blog
--

SELECT pg_catalog.setval('public.user_user_user_permissions_id_seq', 1, false);


--
-- Name: auth_group auth_group_name_key; Type: CONSTRAINT; Schema: public; Owner: blog
--

ALTER TABLE ONLY public.auth_group
    ADD CONSTRAINT auth_group_name_key UNIQUE (name);


--
-- Name: auth_group_permissions auth_group_permissions_group_id_permission_id_0cd325b0_uniq; Type: CONSTRAINT; Schema: public; Owner: blog
--

ALTER TABLE ONLY public.auth_group_permissions
    ADD CONSTRAINT auth_group_permissions_group_id_permission_id_0cd325b0_uniq UNIQUE (group_id, permission_id);


--
-- Name: auth_group_permissions auth_group_permissions_pkey; Type: CONSTRAINT; Schema: public; Owner: blog
--

ALTER TABLE ONLY public.auth_group_permissions
    ADD CONSTRAINT auth_group_permissions_pkey PRIMARY KEY (id);


--
-- Name: auth_group auth_group_pkey; Type: CONSTRAINT; Schema: public; Owner: blog
--

ALTER TABLE ONLY public.auth_group
    ADD CONSTRAINT auth_group_pkey PRIMARY KEY (id);


--
-- Name: auth_permission auth_permission_content_type_id_codename_01ab375a_uniq; Type: CONSTRAINT; Schema: public; Owner: blog
--

ALTER TABLE ONLY public.auth_permission
    ADD CONSTRAINT auth_permission_content_type_id_codename_01ab375a_uniq UNIQUE (content_type_id, codename);


--
-- Name: auth_permission auth_permission_pkey; Type: CONSTRAINT; Schema: public; Owner: blog
--

ALTER TABLE ONLY public.auth_permission
    ADD CONSTRAINT auth_permission_pkey PRIMARY KEY (id);


--
-- Name: blog_comments blog_comments_pkey; Type: CONSTRAINT; Schema: public; Owner: blog
--

ALTER TABLE ONLY public.blog_comments
    ADD CONSTRAINT blog_comments_pkey PRIMARY KEY (id);


--
-- Name: blog_post blog_post_pkey; Type: CONSTRAINT; Schema: public; Owner: blog
--

ALTER TABLE ONLY public.blog_post
    ADD CONSTRAINT blog_post_pkey PRIMARY KEY (id);


--
-- Name: django_admin_log django_admin_log_pkey; Type: CONSTRAINT; Schema: public; Owner: blog
--

ALTER TABLE ONLY public.django_admin_log
    ADD CONSTRAINT django_admin_log_pkey PRIMARY KEY (id);


--
-- Name: django_content_type django_content_type_app_label_model_76bd3d3b_uniq; Type: CONSTRAINT; Schema: public; Owner: blog
--

ALTER TABLE ONLY public.django_content_type
    ADD CONSTRAINT django_content_type_app_label_model_76bd3d3b_uniq UNIQUE (app_label, model);


--
-- Name: django_content_type django_content_type_pkey; Type: CONSTRAINT; Schema: public; Owner: blog
--

ALTER TABLE ONLY public.django_content_type
    ADD CONSTRAINT django_content_type_pkey PRIMARY KEY (id);


--
-- Name: django_migrations django_migrations_pkey; Type: CONSTRAINT; Schema: public; Owner: blog
--

ALTER TABLE ONLY public.django_migrations
    ADD CONSTRAINT django_migrations_pkey PRIMARY KEY (id);


--
-- Name: django_session django_session_pkey; Type: CONSTRAINT; Schema: public; Owner: blog
--

ALTER TABLE ONLY public.django_session
    ADD CONSTRAINT django_session_pkey PRIMARY KEY (session_key);


--
-- Name: user_user_groups user_user_groups_pkey; Type: CONSTRAINT; Schema: public; Owner: blog
--

ALTER TABLE ONLY public.user_user_groups
    ADD CONSTRAINT user_user_groups_pkey PRIMARY KEY (id);


--
-- Name: user_user_groups user_user_groups_user_id_group_id_bb60391f_uniq; Type: CONSTRAINT; Schema: public; Owner: blog
--

ALTER TABLE ONLY public.user_user_groups
    ADD CONSTRAINT user_user_groups_user_id_group_id_bb60391f_uniq UNIQUE (user_id, group_id);


--
-- Name: user_user user_user_pkey; Type: CONSTRAINT; Schema: public; Owner: blog
--

ALTER TABLE ONLY public.user_user
    ADD CONSTRAINT user_user_pkey PRIMARY KEY (id);


--
-- Name: user_user_user_permissions user_user_user_permissions_pkey; Type: CONSTRAINT; Schema: public; Owner: blog
--

ALTER TABLE ONLY public.user_user_user_permissions
    ADD CONSTRAINT user_user_user_permissions_pkey PRIMARY KEY (id);


--
-- Name: user_user_user_permissions user_user_user_permissions_user_id_permission_id_64f4d5b8_uniq; Type: CONSTRAINT; Schema: public; Owner: blog
--

ALTER TABLE ONLY public.user_user_user_permissions
    ADD CONSTRAINT user_user_user_permissions_user_id_permission_id_64f4d5b8_uniq UNIQUE (user_id, permission_id);


--
-- Name: user_user user_user_username_key; Type: CONSTRAINT; Schema: public; Owner: blog
--

ALTER TABLE ONLY public.user_user
    ADD CONSTRAINT user_user_username_key UNIQUE (username);


--
-- Name: auth_group_name_a6ea08ec_like; Type: INDEX; Schema: public; Owner: blog
--

CREATE INDEX auth_group_name_a6ea08ec_like ON public.auth_group USING btree (name varchar_pattern_ops);


--
-- Name: auth_group_permissions_group_id_b120cbf9; Type: INDEX; Schema: public; Owner: blog
--

CREATE INDEX auth_group_permissions_group_id_b120cbf9 ON public.auth_group_permissions USING btree (group_id);


--
-- Name: auth_group_permissions_permission_id_84c5c92e; Type: INDEX; Schema: public; Owner: blog
--

CREATE INDEX auth_group_permissions_permission_id_84c5c92e ON public.auth_group_permissions USING btree (permission_id);


--
-- Name: auth_permission_content_type_id_2f476e4b; Type: INDEX; Schema: public; Owner: blog
--

CREATE INDEX auth_permission_content_type_id_2f476e4b ON public.auth_permission USING btree (content_type_id);


--
-- Name: blog_comments_author_id_883440ef; Type: INDEX; Schema: public; Owner: blog
--

CREATE INDEX blog_comments_author_id_883440ef ON public.blog_comments USING btree (author_id);


--
-- Name: blog_comments_post_id_7457a902; Type: INDEX; Schema: public; Owner: blog
--

CREATE INDEX blog_comments_post_id_7457a902 ON public.blog_comments USING btree (post_id);


--
-- Name: blog_post_author_id_dd7a8485; Type: INDEX; Schema: public; Owner: blog
--

CREATE INDEX blog_post_author_id_dd7a8485 ON public.blog_post USING btree (author_id);


--
-- Name: django_admin_log_content_type_id_c4bce8eb; Type: INDEX; Schema: public; Owner: blog
--

CREATE INDEX django_admin_log_content_type_id_c4bce8eb ON public.django_admin_log USING btree (content_type_id);


--
-- Name: django_admin_log_user_id_c564eba6; Type: INDEX; Schema: public; Owner: blog
--

CREATE INDEX django_admin_log_user_id_c564eba6 ON public.django_admin_log USING btree (user_id);


--
-- Name: django_session_expire_date_a5c62663; Type: INDEX; Schema: public; Owner: blog
--

CREATE INDEX django_session_expire_date_a5c62663 ON public.django_session USING btree (expire_date);


--
-- Name: django_session_session_key_c0390e0f_like; Type: INDEX; Schema: public; Owner: blog
--

CREATE INDEX django_session_session_key_c0390e0f_like ON public.django_session USING btree (session_key varchar_pattern_ops);


--
-- Name: user_user_groups_group_id_c57f13c0; Type: INDEX; Schema: public; Owner: blog
--

CREATE INDEX user_user_groups_group_id_c57f13c0 ON public.user_user_groups USING btree (group_id);


--
-- Name: user_user_groups_user_id_13f9a20d; Type: INDEX; Schema: public; Owner: blog
--

CREATE INDEX user_user_groups_user_id_13f9a20d ON public.user_user_groups USING btree (user_id);


--
-- Name: user_user_user_permissions_permission_id_ce49d4de; Type: INDEX; Schema: public; Owner: blog
--

CREATE INDEX user_user_user_permissions_permission_id_ce49d4de ON public.user_user_user_permissions USING btree (permission_id);


--
-- Name: user_user_user_permissions_user_id_31782f58; Type: INDEX; Schema: public; Owner: blog
--

CREATE INDEX user_user_user_permissions_user_id_31782f58 ON public.user_user_user_permissions USING btree (user_id);


--
-- Name: user_user_username_e2bdfe0c_like; Type: INDEX; Schema: public; Owner: blog
--

CREATE INDEX user_user_username_e2bdfe0c_like ON public.user_user USING btree (username varchar_pattern_ops);


--
-- Name: auth_group_permissions auth_group_permissio_permission_id_84c5c92e_fk_auth_perm; Type: FK CONSTRAINT; Schema: public; Owner: blog
--

ALTER TABLE ONLY public.auth_group_permissions
    ADD CONSTRAINT auth_group_permissio_permission_id_84c5c92e_fk_auth_perm FOREIGN KEY (permission_id) REFERENCES public.auth_permission(id) DEFERRABLE INITIALLY DEFERRED;


--
-- Name: auth_group_permissions auth_group_permissions_group_id_b120cbf9_fk_auth_group_id; Type: FK CONSTRAINT; Schema: public; Owner: blog
--

ALTER TABLE ONLY public.auth_group_permissions
    ADD CONSTRAINT auth_group_permissions_group_id_b120cbf9_fk_auth_group_id FOREIGN KEY (group_id) REFERENCES public.auth_group(id) DEFERRABLE INITIALLY DEFERRED;


--
-- Name: auth_permission auth_permission_content_type_id_2f476e4b_fk_django_co; Type: FK CONSTRAINT; Schema: public; Owner: blog
--

ALTER TABLE ONLY public.auth_permission
    ADD CONSTRAINT auth_permission_content_type_id_2f476e4b_fk_django_co FOREIGN KEY (content_type_id) REFERENCES public.django_content_type(id) DEFERRABLE INITIALLY DEFERRED;


--
-- Name: blog_comments blog_comments_author_id_883440ef_fk_user_user_id; Type: FK CONSTRAINT; Schema: public; Owner: blog
--

ALTER TABLE ONLY public.blog_comments
    ADD CONSTRAINT blog_comments_author_id_883440ef_fk_user_user_id FOREIGN KEY (author_id) REFERENCES public.user_user(id) DEFERRABLE INITIALLY DEFERRED;


--
-- Name: blog_comments blog_comments_post_id_7457a902_fk_blog_post_id; Type: FK CONSTRAINT; Schema: public; Owner: blog
--

ALTER TABLE ONLY public.blog_comments
    ADD CONSTRAINT blog_comments_post_id_7457a902_fk_blog_post_id FOREIGN KEY (post_id) REFERENCES public.blog_post(id) DEFERRABLE INITIALLY DEFERRED;


--
-- Name: blog_post blog_post_author_id_dd7a8485_fk_user_user_id; Type: FK CONSTRAINT; Schema: public; Owner: blog
--

ALTER TABLE ONLY public.blog_post
    ADD CONSTRAINT blog_post_author_id_dd7a8485_fk_user_user_id FOREIGN KEY (author_id) REFERENCES public.user_user(id) DEFERRABLE INITIALLY DEFERRED;


--
-- Name: django_admin_log django_admin_log_content_type_id_c4bce8eb_fk_django_co; Type: FK CONSTRAINT; Schema: public; Owner: blog
--

ALTER TABLE ONLY public.django_admin_log
    ADD CONSTRAINT django_admin_log_content_type_id_c4bce8eb_fk_django_co FOREIGN KEY (content_type_id) REFERENCES public.django_content_type(id) DEFERRABLE INITIALLY DEFERRED;


--
-- Name: django_admin_log django_admin_log_user_id_c564eba6_fk_user_user_id; Type: FK CONSTRAINT; Schema: public; Owner: blog
--

ALTER TABLE ONLY public.django_admin_log
    ADD CONSTRAINT django_admin_log_user_id_c564eba6_fk_user_user_id FOREIGN KEY (user_id) REFERENCES public.user_user(id) DEFERRABLE INITIALLY DEFERRED;


--
-- Name: user_user_groups user_user_groups_group_id_c57f13c0_fk_auth_group_id; Type: FK CONSTRAINT; Schema: public; Owner: blog
--

ALTER TABLE ONLY public.user_user_groups
    ADD CONSTRAINT user_user_groups_group_id_c57f13c0_fk_auth_group_id FOREIGN KEY (group_id) REFERENCES public.auth_group(id) DEFERRABLE INITIALLY DEFERRED;


--
-- Name: user_user_groups user_user_groups_user_id_13f9a20d_fk_user_user_id; Type: FK CONSTRAINT; Schema: public; Owner: blog
--

ALTER TABLE ONLY public.user_user_groups
    ADD CONSTRAINT user_user_groups_user_id_13f9a20d_fk_user_user_id FOREIGN KEY (user_id) REFERENCES public.user_user(id) DEFERRABLE INITIALLY DEFERRED;


--
-- Name: user_user_user_permissions user_user_user_permi_permission_id_ce49d4de_fk_auth_perm; Type: FK CONSTRAINT; Schema: public; Owner: blog
--

ALTER TABLE ONLY public.user_user_user_permissions
    ADD CONSTRAINT user_user_user_permi_permission_id_ce49d4de_fk_auth_perm FOREIGN KEY (permission_id) REFERENCES public.auth_permission(id) DEFERRABLE INITIALLY DEFERRED;


--
-- Name: user_user_user_permissions user_user_user_permissions_user_id_31782f58_fk_user_user_id; Type: FK CONSTRAINT; Schema: public; Owner: blog
--

ALTER TABLE ONLY public.user_user_user_permissions
    ADD CONSTRAINT user_user_user_permissions_user_id_31782f58_fk_user_user_id FOREIGN KEY (user_id) REFERENCES public.user_user(id) DEFERRABLE INITIALLY DEFERRED;


--
-- Name: SCHEMA public; Type: ACL; Schema: -; Owner: blog
--

GRANT ALL ON SCHEMA public TO PUBLIC;


--
-- PostgreSQL database dump complete
--

